test_id,seed,config,module,result,cycle,expected,actual
1,20260921,all_w_accepted,axi_err_slave_r3,PASS,199,0x2,0x2
2,20260921,one_b,axi_err_slave_r3,PASS,199,0x1,0x1
3,20260921,no_second_b,axi_err_slave_r3,PASS,199,0x0,0x0
4,20260921,all_w_accepted,axi_err_slave_r3,PASS,213,0x6,0x6
5,20260921,one_b,axi_err_slave_r3,PASS,213,0x1,0x1
6,20260921,no_second_b,axi_err_slave_r3,PASS,213,0x0,0x0
7,20260921,all_w_accepted,axi_err_slave_r3,PASS,227,0x3,0x3
8,20260921,one_b,axi_err_slave_r3,PASS,227,0x1,0x1
9,20260921,no_second_b,axi_err_slave_r3,PASS,227,0x0,0x0
10,20260921,read_beats,axi_err_slave_r3,PASS,270,0x10,0x10
11,20260921,read_resp,axi_err_slave_r3,PASS,270,0x0,0x0
12,20260921,read_last,axi_err_slave_r3,PASS,270,0x0,0x0
13,20260921,no_extra_rvalid,axi_err_slave_r3,PASS,270,0x0,0x0
14,20260921,all_w_accepted,axi_err_slave_r3,PASS,281,0x5,0x5
15,20260921,one_b,axi_err_slave_r3,PASS,281,0x1,0x1
16,20260921,no_second_b,axi_err_slave_r3,PASS,281,0x0,0x0
17,20260921,read_beats,axi_err_slave_r3,PASS,302,0x10,0x10
18,20260921,read_resp,axi_err_slave_r3,PASS,302,0x0,0x0
19,20260921,read_last,axi_err_slave_r3,PASS,302,0x0,0x0
20,20260921,no_extra_rvalid,axi_err_slave_r3,PASS,302,0x0,0x0
21,20260921,read_beats,axi_err_slave_r3,PASS,343,0xf,0xf
22,20260921,read_resp,axi_err_slave_r3,PASS,343,0x0,0x0
23,20260921,read_last,axi_err_slave_r3,PASS,343,0x0,0x0
24,20260921,no_extra_rvalid,axi_err_slave_r3,PASS,343,0x0,0x0
25,20260921,read_beats,axi_err_slave_r3,PASS,348,0x1,0x1
26,20260921,read_resp,axi_err_slave_r3,PASS,348,0x0,0x0
27,20260921,read_last,axi_err_slave_r3,PASS,348,0x0,0x0
28,20260921,no_extra_rvalid,axi_err_slave_r3,PASS,348,0x0,0x0
29,20260921,all_w_accepted,axi_err_slave_r3,PASS,360,0x1,0x1
30,20260921,one_b,axi_err_slave_r3,PASS,360,0x1,0x1
31,20260921,no_second_b,axi_err_slave_r3,PASS,360,0x0,0x0
32,20260921,read_beats,axi_err_slave_r3,PASS,372,0x5,0x5
33,20260921,read_resp,axi_err_slave_r3,PASS,372,0x0,0x0
34,20260921,read_last,axi_err_slave_r3,PASS,372,0x0,0x0
35,20260921,no_extra_rvalid,axi_err_slave_r3,PASS,372,0x0,0x0
36,20260921,read_beats,axi_err_slave_r3,PASS,402,0x10,0x10
37,20260921,read_resp,axi_err_slave_r3,PASS,402,0x0,0x0
38,20260921,read_last,axi_err_slave_r3,PASS,402,0x0,0x0
39,20260921,no_extra_rvalid,axi_err_slave_r3,PASS,402,0x0,0x0
40,20260921,all_w_accepted,axi_err_slave_r3,PASS,426,0x6,0x6
41,20260921,one_b,axi_err_slave_r3,PASS,426,0x1,0x1
42,20260921,no_second_b,axi_err_slave_r3,PASS,426,0x0,0x0
43,20260921,read_beats,axi_err_slave_r3,PASS,443,0x9,0x9
44,20260921,read_resp,axi_err_slave_r3,PASS,443,0x0,0x0
45,20260921,read_last,axi_err_slave_r3,PASS,443,0x0,0x0
46,20260921,no_extra_rvalid,axi_err_slave_r3,PASS,443,0x0,0x0
47,20260921,read_beats,axi_err_slave_r3,PASS,451,0x3,0x3
48,20260921,read_resp,axi_err_slave_r3,PASS,451,0x0,0x0
49,20260921,read_last,axi_err_slave_r3,PASS,451,0x0,0x0
50,20260921,no_extra_rvalid,axi_err_slave_r3,PASS,451,0x0,0x0
51,20260921,read_beats,axi_err_slave_r3,PASS,465,0xa,0xa
52,20260921,read_resp,axi_err_slave_r3,PASS,465,0x0,0x0
53,20260921,read_last,axi_err_slave_r3,PASS,465,0x0,0x0
54,20260921,no_extra_rvalid,axi_err_slave_r3,PASS,465,0x0,0x0
55,20260921,read_beats,axi_err_slave_r3,PASS,522,0x10,0x10
56,20260921,read_resp,axi_err_slave_r3,PASS,522,0x0,0x0
57,20260921,read_last,axi_err_slave_r3,PASS,522,0x0,0x0
58,20260921,no_extra_rvalid,axi_err_slave_r3,PASS,522,0x0,0x0
59,20260921,all_w_accepted,axi_err_slave_r3,PASS,534,0x5,0x5
60,20260921,one_b,axi_err_slave_r3,PASS,534,0x1,0x1
61,20260921,no_second_b,axi_err_slave_r3,PASS,534,0x0,0x0
62,20260921,read_beats,axi_err_slave_r3,PASS,552,0xc,0xc
63,20260921,read_resp,axi_err_slave_r3,PASS,552,0x0,0x0
64,20260921,read_last,axi_err_slave_r3,PASS,552,0x0,0x0
65,20260921,no_extra_rvalid,axi_err_slave_r3,PASS,552,0x0,0x0
66,20260921,all_w_accepted,axi_err_slave_r3,PASS,563,0x5,0x5
67,20260921,one_b,axi_err_slave_r3,PASS,563,0x1,0x1
68,20260921,no_second_b,axi_err_slave_r3,PASS,563,0x0,0x0
69,20260921,all_w_accepted,axi_err_slave_r3,PASS,580,0x3,0x3
70,20260921,one_b,axi_err_slave_r3,PASS,580,0x1,0x1
71,20260921,no_second_b,axi_err_slave_r3,PASS,580,0x0,0x0
72,20260921,all_w_accepted,axi_err_slave_r3,PASS,592,0x2,0x2
73,20260921,one_b,axi_err_slave_r3,PASS,592,0x1,0x1
74,20260921,no_second_b,axi_err_slave_r3,PASS,592,0x0,0x0
75,20260921,read_beats,axi_err_slave_r3,PASS,608,0x7,0x7
76,20260921,read_resp,axi_err_slave_r3,PASS,608,0x0,0x0
77,20260921,read_last,axi_err_slave_r3,PASS,608,0x0,0x0
78,20260921,no_extra_rvalid,axi_err_slave_r3,PASS,608,0x0,0x0
79,20260921,read_beats,axi_err_slave_r3,PASS,618,0x6,0x6
80,20260921,read_resp,axi_err_slave_r3,PASS,618,0x0,0x0
81,20260921,read_last,axi_err_slave_r3,PASS,618,0x0,0x0
82,20260921,no_extra_rvalid,axi_err_slave_r3,PASS,618,0x0,0x0
83,20260921,all_w_accepted,axi_err_slave_r3,PASS,649,0x5,0x5
84,20260921,one_b,axi_err_slave_r3,PASS,649,0x1,0x1
85,20260921,no_second_b,axi_err_slave_r3,PASS,649,0x0,0x0
86,20260921,all_w_accepted,axi_err_slave_r3,PASS,660,0x4,0x4
87,20260921,one_b,axi_err_slave_r3,PASS,660,0x1,0x1
88,20260921,no_second_b,axi_err_slave_r3,PASS,660,0x0,0x0
89,20260921,all_w_accepted,axi_err_slave_r3,PASS,688,0x4,0x4
90,20260921,one_b,axi_err_slave_r3,PASS,688,0x1,0x1
91,20260921,no_second_b,axi_err_slave_r3,PASS,688,0x0,0x0
92,20260921,read_beats,axi_err_slave_r3,PASS,697,0x4,0x4
93,20260921,read_resp,axi_err_slave_r3,PASS,697,0x0,0x0
94,20260921,read_last,axi_err_slave_r3,PASS,697,0x0,0x0
95,20260921,no_extra_rvalid,axi_err_slave_r3,PASS,697,0x0,0x0
96,20260921,all_w_accepted,axi_err_slave_r3,PASS,707,0x1,0x1
97,20260921,one_b,axi_err_slave_r3,PASS,707,0x1,0x1
98,20260921,no_second_b,axi_err_slave_r3,PASS,707,0x0,0x0
99,20260921,all_w_accepted,axi_err_slave_r3,PASS,722,0x4,0x4
100,20260921,one_b,axi_err_slave_r3,PASS,722,0x1,0x1
101,20260921,no_second_b,axi_err_slave_r3,PASS,722,0x0,0x0
102,20260921,read_beats,axi_err_slave_r3,PASS,744,0xb,0xb
103,20260921,read_resp,axi_err_slave_r3,PASS,744,0x0,0x0
104,20260921,read_last,axi_err_slave_r3,PASS,744,0x0,0x0
105,20260921,no_extra_rvalid,axi_err_slave_r3,PASS,744,0x0,0x0
106,20260921,all_w_accepted,axi_err_slave_r3,PASS,752,0x2,0x2
107,20260921,one_b,axi_err_slave_r3,PASS,752,0x1,0x1
108,20260921,no_second_b,axi_err_slave_r3,PASS,752,0x0,0x0
109,20260921,read_beats,axi_err_slave_r3,PASS,782,0xb,0xb
110,20260921,read_resp,axi_err_slave_r3,PASS,782,0x0,0x0
111,20260921,read_last,axi_err_slave_r3,PASS,782,0x0,0x0
112,20260921,no_extra_rvalid,axi_err_slave_r3,PASS,782,0x0,0x0
113,20260921,all_w_accepted,axi_err_slave_r3,PASS,791,0x1,0x1
114,20260921,one_b,axi_err_slave_r3,PASS,791,0x1,0x1
115,20260921,no_second_b,axi_err_slave_r3,PASS,791,0x0,0x0
116,20260921,all_w_accepted,axi_err_slave_r3,PASS,803,0x4,0x4
117,20260921,one_b,axi_err_slave_r3,PASS,803,0x1,0x1
118,20260921,no_second_b,axi_err_slave_r3,PASS,803,0x0,0x0
119,20260921,read_beats,axi_err_slave_r3,PASS,822,0xc,0xc
120,20260921,read_resp,axi_err_slave_r3,PASS,822,0x0,0x0
121,20260921,read_last,axi_err_slave_r3,PASS,822,0x0,0x0
122,20260921,no_extra_rvalid,axi_err_slave_r3,PASS,822,0x0,0x0
123,20260921,all_w_accepted,axi_err_slave_r3,PASS,831,0x3,0x3
124,20260921,one_b,axi_err_slave_r3,PASS,831,0x1,0x1
125,20260921,no_second_b,axi_err_slave_r3,PASS,831,0x0,0x0
126,20260921,all_w_accepted,axi_err_slave_r3,PASS,842,0x1,0x1
127,20260921,one_b,axi_err_slave_r3,PASS,842,0x1,0x1
128,20260921,no_second_b,axi_err_slave_r3,PASS,842,0x0,0x0
129,20260921,read_beats,axi_err_slave_r3,PASS,856,0x7,0x7
130,20260921,read_resp,axi_err_slave_r3,PASS,856,0x0,0x0
131,20260921,read_last,axi_err_slave_r3,PASS,856,0x0,0x0
132,20260921,no_extra_rvalid,axi_err_slave_r3,PASS,856,0x0,0x0
133,20260921,read_beats,axi_err_slave_r3,PASS,868,0x8,0x8
134,20260921,read_resp,axi_err_slave_r3,PASS,868,0x0,0x0
135,20260921,read_last,axi_err_slave_r3,PASS,868,0x0,0x0
136,20260921,no_extra_rvalid,axi_err_slave_r3,PASS,868,0x0,0x0
137,20260921,all_w_accepted,axi_err_slave_r3,PASS,878,0x3,0x3
138,20260921,one_b,axi_err_slave_r3,PASS,878,0x1,0x1
139,20260921,no_second_b,axi_err_slave_r3,PASS,878,0x0,0x0
140,20260921,read_beats,axi_err_slave_r3,PASS,908,0x8,0x8
141,20260921,read_resp,axi_err_slave_r3,PASS,908,0x0,0x0
142,20260921,read_last,axi_err_slave_r3,PASS,908,0x0,0x0
143,20260921,no_extra_rvalid,axi_err_slave_r3,PASS,908,0x0,0x0
144,20260921,read_beats,axi_err_slave_r3,PASS,916,0x4,0x4
145,20260921,read_resp,axi_err_slave_r3,PASS,916,0x0,0x0
146,20260921,read_last,axi_err_slave_r3,PASS,916,0x0,0x0
147,20260921,no_extra_rvalid,axi_err_slave_r3,PASS,916,0x0,0x0
148,20260921,read_beats,axi_err_slave_r3,PASS,930,0x5,0x5
149,20260921,read_resp,axi_err_slave_r3,PASS,930,0x0,0x0
150,20260921,read_last,axi_err_slave_r3,PASS,930,0x0,0x0
151,20260921,no_extra_rvalid,axi_err_slave_r3,PASS,930,0x0,0x0
152,20260921,read_beats,axi_err_slave_r3,PASS,937,0x1,0x1
153,20260921,read_resp,axi_err_slave_r3,PASS,937,0x0,0x0
154,20260921,read_last,axi_err_slave_r3,PASS,937,0x0,0x0
155,20260921,no_extra_rvalid,axi_err_slave_r3,PASS,937,0x0,0x0
156,20260921,all_w_accepted,axi_err_slave_r3,PASS,948,0x5,0x5
157,20260921,one_b,axi_err_slave_r3,PASS,948,0x1,0x1
158,20260921,no_second_b,axi_err_slave_r3,PASS,948,0x0,0x0
159,20260921,read_beats,axi_err_slave_r3,PASS,953,0x1,0x1
160,20260921,read_resp,axi_err_slave_r3,PASS,953,0x0,0x0
161,20260921,read_last,axi_err_slave_r3,PASS,953,0x0,0x0
162,20260921,no_extra_rvalid,axi_err_slave_r3,PASS,953,0x0,0x0
163,20260921,read_beats,axi_err_slave_r3,PASS,981,0xf,0xf
164,20260921,read_resp,axi_err_slave_r3,PASS,981,0x0,0x0
165,20260921,read_last,axi_err_slave_r3,PASS,981,0x0,0x0
166,20260921,no_extra_rvalid,axi_err_slave_r3,PASS,981,0x0,0x0
167,20260921,all_w_accepted,axi_err_slave_r3,PASS,993,0x4,0x4
168,20260921,one_b,axi_err_slave_r3,PASS,993,0x1,0x1
169,20260921,no_second_b,axi_err_slave_r3,PASS,993,0x0,0x0
170,20260921,read_beats,axi_err_slave_r3,PASS,1019,0xf,0xf
171,20260921,read_resp,axi_err_slave_r3,PASS,1019,0x0,0x0
172,20260921,read_last,axi_err_slave_r3,PASS,1019,0x0,0x0
173,20260921,no_extra_rvalid,axi_err_slave_r3,PASS,1019,0x0,0x0
174,20260921,read_beats,axi_err_slave_r3,PASS,1032,0x7,0x7
175,20260921,read_resp,axi_err_slave_r3,PASS,1032,0x0,0x0
176,20260921,read_last,axi_err_slave_r3,PASS,1032,0x0,0x0
177,20260921,no_extra_rvalid,axi_err_slave_r3,PASS,1032,0x0,0x0
178,20260921,read_beats,axi_err_slave_r3,PASS,1041,0x5,0x5
179,20260921,read_resp,axi_err_slave_r3,PASS,1041,0x0,0x0
180,20260921,read_last,axi_err_slave_r3,PASS,1041,0x0,0x0
181,20260921,no_extra_rvalid,axi_err_slave_r3,PASS,1041,0x0,0x0
182,20260921,all_w_accepted,axi_err_slave_r3,PASS,1050,0x2,0x2
183,20260921,one_b,axi_err_slave_r3,PASS,1050,0x1,0x1
184,20260921,no_second_b,axi_err_slave_r3,PASS,1050,0x0,0x0
185,20260921,read_beats,axi_err_slave_r3,PASS,1060,0x5,0x5
186,20260921,read_resp,axi_err_slave_r3,PASS,1060,0x0,0x0
187,20260921,read_last,axi_err_slave_r3,PASS,1060,0x0,0x0
188,20260921,no_extra_rvalid,axi_err_slave_r3,PASS,1060,0x0,0x0
189,20260921,all_w_accepted,axi_err_slave_r3,PASS,1083,0x6,0x6
190,20260921,one_b,axi_err_slave_r3,PASS,1083,0x1,0x1
191,20260921,no_second_b,axi_err_slave_r3,PASS,1083,0x0,0x0
192,20260921,all_w_accepted,axi_err_slave_r3,PASS,1097,0x5,0x5
193,20260921,one_b,axi_err_slave_r3,PASS,1097,0x1,0x1
194,20260921,no_second_b,axi_err_slave_r3,PASS,1097,0x0,0x0
195,20260921,all_w_accepted,axi_err_slave_r3,PASS,1104,0x1,0x1
196,20260921,one_b,axi_err_slave_r3,PASS,1104,0x1,0x1
197,20260921,no_second_b,axi_err_slave_r3,PASS,1104,0x0,0x0
198,20260921,read_beats,axi_err_slave_r3,PASS,1110,0x2,0x2
199,20260921,read_resp,axi_err_slave_r3,PASS,1110,0x0,0x0
200,20260921,read_last,axi_err_slave_r3,PASS,1110,0x0,0x0
201,20260921,no_extra_rvalid,axi_err_slave_r3,PASS,1110,0x0,0x0
202,20260921,all_w_accepted,axi_err_slave_r3,PASS,1125,0x3,0x3
203,20260921,one_b,axi_err_slave_r3,PASS,1125,0x1,0x1
204,20260921,no_second_b,axi_err_slave_r3,PASS,1125,0x0,0x0
205,20260921,read_beats,axi_err_slave_r3,PASS,1134,0x4,0x4
206,20260921,read_resp,axi_err_slave_r3,PASS,1134,0x0,0x0
207,20260921,read_last,axi_err_slave_r3,PASS,1134,0x0,0x0
208,20260921,no_extra_rvalid,axi_err_slave_r3,PASS,1134,0x0,0x0
209,20260921,all_w_accepted,axi_err_slave_r3,PASS,1149,0x5,0x5
210,20260921,one_b,axi_err_slave_r3,PASS,1149,0x1,0x1
211,20260921,no_second_b,axi_err_slave_r3,PASS,1149,0x0,0x0
